{"speed": [30, 15, 15, 30, 10], "targets": [[0, 0, 0, 0], [1490, 610, 5, 7], [-1586, 936, 10, 9], [1079, 1467, 10, 18], [-2254, 2423, 7, 19], [-2019, 1907, 5, 6], [877, -2203, 9, 5], [-2235, 516, 9, 12], [-1708, -1390, 6, 13], [-2351, -1784, 6, 7], [-1235, -1552, 6, 11], [282, 2417, 9, 19], [-792, 709, 8, 14], [898, 2093, 9, 15], [417, 262, 9, 15], [-792, 459, 10, 14], [2296, -1042, 9, 11], [440, 316, 5, 10], [-1549, 260, 9, 15], [-530, 1994, 5, 13], [-374, -1705, 9, 18], [-826, 824, 10, 9], [1492, -2450, 6, 20], [1436, 859, 6, 13], [2358, -2487, 5, 6], [954, -2242, 6, 17], [46, -2139, 7, 20], [-1410, -680, 8, 17], [-1975, 2279, 8, 11], [6, -1467, 8, 10], [2197, -1897, 8, 13]], "tasks": [[1, 2, 3, 4, 5, 6, 7, 8, 9, 10, 11, 12, 13, 14, 15, 16, 17, 18, 19, 20, 21, 22, 23, 24, 25, 26, 27, 28, 29, 30], [], [], [], []], "map": [[0.0, 1610.031005859375, 1841.600341796875, 1821.079345703125, 3309.296875, 2777.230712890625, 2371.14697265625, 2293.791748046875, 2202.127197265625, 2951.24658203125, 1983.4134521484375, 2433.395263671875, 1062.98876953125, 2277.51025390625, 492.4764099121094, 915.3933715820312, 2521.384521484375, 541.7158203125, 1570.6689453125, 2063.234375, 1745.5374755859375, 1166.72705078125, 2868.54736328125, 1673.313232421875, 3427.146484375, 2436.5302734375, 2139.49462890625, 1565.4073486328125, 3015.703125, 1467.0123291015625, 2902.656982421875], [1610.031005859375, 0.0, 3093.226806640625, 950.457763671875, 4159.8681640625, 3741.02783203125, 2879.016845703125, 3726.185791015625, 3771.896484375, 4525.982421875, 3478.486572265625, 2173.594482421875, 2284.146484375, 1596.7945556640625, 1128.021728515625, 2286.990478515625, 1838.1348876953125, 1090.3834228515625, 3059.08837890625, 2448.643798828125, 2972.15771484375, 2325.865966796875, 3060.000732421875, 254.78814697265625, 3216.33837890625, 2901.930419921875, 3105.178955078125, 3173.97216796875, 3846.009033203125, 2552.681884765625, 2604.78369140625], [1841.600341796875, 3093.226806640625, 0.0, 2717.385986328125, 1630.1512451171875, 1063.1697998046875, 3989.94873046875, 773.0465698242188, 2329.197265625, 2825.531005859375, 2512.636962890625, 2383.859375, 825.8117065429688, 2740.238037109375, 2113.358642578125, 926.2639770507812, 4356.88037109375, 2118.743896484375, 677.0118408203125, 1494.824462890625, 2905.825927734375, 768.2083129882812, 4575.923828125, 3022.980712890625, 5222.26611328125, 4068.326904296875, 3481.242431640625, 1625.555908203125, 1398.202392578125, 2882.511474609375, 4726.201171875], [1821.079345703125, 950.457763671875, 2717.385986328125, 0.0, 3467.39453125, 3129.08984375, 3675.554931640625, 3447.75244140625, 3991.217529296875, 4725.87548828125, 3803.80810546875, 1240.0439453125, 2018.7137451171875, 651.6417846679688, 1374.8704833984375, 2125.254150390625, 2788.578369140625, 1316.48095703125, 2891.925537109375, 1693.1065673828125, 3488.952880859375, 2010.5904541015625, 3938.712646484375, 705.0624389648438, 4155.7138671875, 3711.105712890625, 3751.043212890625, 3287.054931640625, 3160.1044921875, 3124.049560546875, 3544.91455078125], [3309.296875, 4159.8681640625, 1630.1512451171875, 3467.39453125, 0.0, 566.992919921875, 5585.9677734375, 1907.0946044921875, 3851.893798828125, 4208.1181640625, 4103.533203125, 2536.007080078125, 2252.829345703125, 3169.227783203125, 3435.718505859375, 2448.415771484375, 5719.154296875, 3420.10009765625, 2274.9931640625, 1776.574462890625, 4535.943359375, 2143.824951171875, 6146.43359375, 4007.766845703125, 6736.3671875, 5661.580078125, 5108.99658203125, 3215.73388671875, 313.9697570800781, 4498.85546875, 6202.72509765625], [2777.230712890625, 3741.02783203125, 1063.1697998046875, 3129.08984375, 566.992919921875, 0.0, 5027.814453125, 1407.6707763671875, 3311.635498046875, 3705.9013671875, 3546.736083984375, 2356.84130859375, 1714.8565673828125, 2922.924072265625, 2939.408203125, 1897.9549560546875, 5226.45458984375, 2928.81591796875, 1712.7489013671875, 1491.5394287109375, 3968.95068359375, 1611.2535400390625, 5595.5849609375, 3610.447265625, 6202.04541015625, 5104.20703125, 4542.50390625, 2657.715087890625, 374.5931091308594, 3935.03515625, 5678.474609375], [2371.14697265625, 2879.016845703125, 3989.94873046875, 3675.554931640625, 5585.9677734375, 5027.814453125, 0.0, 4132.49365234375, 2709.832763671875, 3255.079833984375, 2210.055419921875, 4658.15673828125, 3356.3828125, 4296.05126953125, 2507.553466796875, 3141.94287109375, 1833.4344482421875, 2556.624755859375, 3457.14404296875, 4426.56298828125, 1346.478759765625, 3473.174072265625, 662.747314453125, 3112.607421875, 1507.984375, 86.31338500976562, 833.4608764648438, 2747.707763671875, 5312.45947265625, 1140.3232421875, 1355.0040283203125], [2293.791748046875, 3726.185791015625, 773.0465698242188, 3447.75244140625, 1907.0946044921875, 1407.6707763671875, 4132.49365234375, 0.0, 1977.514892578125, 2302.92333984375, 2297.09033203125, 3154.2177734375, 1455.849609375, 3507.5087890625, 2664.135986328125, 1444.1253662109375, 4791.38037109375, 2682.46630859375, 732.2103271484375, 2256.437255859375, 2897.613037109375, 1442.270751953125, 4763.1591796875, 3686.9892578125, 5487.59130859375, 4216.193359375, 3500.28369140625, 1452.942138671875, 1782.0687255859375, 2992.38525390625, 5046.3046875], [2202.127197265625, 3771.896484375, 2329.197265625, 3991.217529296875, 3851.893798828125, 3311.635498046875, 2709.832763671875, 1977.514892578125, 0.0, 754.112060546875, 499.9729919433594, 4295.736328125, 2290.165283203125, 4350.0029296875, 2691.603515625, 2063.45751953125, 4019.094482421875, 2743.052978515625, 1657.6431884765625, 3583.174560546875, 1370.686279296875, 2383.21630859375, 3370.993896484375, 3865.583740234375, 4211.38525390625, 2795.02197265625, 1907.2275390625, 770.0026245117188, 3678.7021484375, 1715.728759765625, 3937.775146484375], [2951.24658203125, 4525.982421875, 2825.531005859375, 4725.87548828125, 4208.1181640625, 3705.9013671875, 3255.079833984375, 2302.92333984375, 754.112060546875, 0.0, 1139.859619140625, 4957.93212890625, 2940.328125, 5058.3720703125, 3442.083740234375, 2731.580078125, 4705.86572265625, 3492.80419921875, 2195.70947265625, 4193.962890625, 1978.5777587890625, 3021.140380859375, 3900.28271484375, 4618.0966796875, 4761.185546875, 3336.58349609375, 2423.1455078125, 1450.6195068359375, 4080.36083984375, 2378.2216796875, 4549.40380859375], [1983.4134521484375, 3478.486572265625, 2512.636962890625, 3803.80810546875, 4103.533203125, 3546.736083984375, 2210.055419921875, 2297.09033203125, 499.9729919433594, 1139.859619140625, 0.0, 4249.029296875, 2303.989990234375, 4223.23486328125, 2453.5078125, 2059.2158203125, 3567.640869140625, 2508.99365234375, 1839.005126953125, 3615.4033203125, 874.4884033203125, 2410.9453125, 2871.05078125, 3598.216552734375, 3712.6640625, 2295.17333984375, 1409.08837890625, 889.3868408203125, 3901.815185546875, 1243.9075927734375, 3449.296875], [2433.395263671875, 2173.594482421875, 2383.859375, 1240.0439453125, 2536.007080078125, 2356.84130859375, 4658.15673828125, 3154.2177734375, 4295.736328125, 4957.93212890625, 4249.029296875, 0.0, 2017.6075439453125, 696.011474609375, 2159.224365234375, 2233.212890625, 4002.60888671875, 2106.9326171875, 2829.347900390625, 915.572509765625, 4173.87353515625, 1940.44140625, 5015.15576171875, 1938.834716796875, 5325.31591796875, 4707.21435546875, 4562.1083984375, 3529.061279296875, 2261.21484375, 3893.7939453125, 4719.9384765625], [1062.98876953125, 2284.146484375, 825.8117065429688, 2018.7137451171875, 2252.829345703125, 1714.8565673828125, 3356.3828125, 1455.849609375, 2290.165283203125, 2940.328125, 2303.989990234375, 2017.6075439453125, 0.0, 2184.38916015625, 1288.9879150390625, 250.0, 3549.8935546875, 1293.1639404296875, 880.1420288085938, 1311.437744140625, 2449.92236328125, 119.92080688476562, 3898.196533203125, 2233.043701171875, 4487.41748046875, 3428.836181640625, 2968.728271484375, 1520.2779541015625, 1965.804931640625, 2317.7099609375, 3965.52099609375], [2277.51025390625, 1596.7945556640625, 