{"speed": [10, 10, 15, 10, 30], "targets": [[0, 0, 0, 0], [522, -678, 9, 16], [27, 1520, 7, 12], [1883, 154, 7, 16], [-634, 1284, 5, 17], [2416, -1449, 8, 6], [-1072, 368, 10, 9], [-195, 18, 7, 11], [2288, 465, 8, 18], [2459, -471, 6, 11], [-1503, -1624, 10, 13], [-2071, 1697, 9, 19], [-1623, 870, 8, 13], [-840, 2350, 10, 9], [2107, -2412, 5, 15], [-44, -1314, 10, 18], [403, -936, 6, 15], [-1754, -629, 8, 6], [1476, -347, 8, 12], [1523, -74, 8, 17], [-1659, -2380, 5, 14], [-1767, -1158, 7, 14], [-2420, 1851, 6, 16], [117, 920, 9, 10], [-275, -402, 10, 15], [-93, -191, 10, 17], [51, -543, 8, 11], [-975, 1409, 6, 15], [-1860, 1394, 7, 12], [-2475, 1215, 6, 11], [45, 2321, 9, 19]], "tasks": [[], [], [], [], [1, 2, 3, 4, 5, 6, 7, 8, 9, 10, 11, 12, 13, 14, 15, 16, 17, 18, 19, 20, 21, 22, 23, 24, 25, 26, 27, 28, 29, 30]], "map": [[0.0, 855.6681518554688, 1520.23974609375, 1889.286865234375, 1431.995849609375, 2817.207275390625, 1133.405517578125, 195.82901000976562, 2334.77392578125, 2503.70166015625, 2212.777587890625, 2677.470703125, 1841.4747314453125, 2495.6162109375, 3202.685302734375, 1314.7364501953125, 1019.0706787109375, 1863.3724365234375, 1516.2403564453125, 1524.7967529296875, 2901.151611328125, 2112.641357421875, 3046.736083984375, 927.4098510742188, 487.06158447265625, 212.438232421875, 545.3897705078125, 1713.4486083984375, 2324.400146484375, 2757.145263671875, 2321.436279296875], [855.6681518554688, 0.0, 2253.048828125, 1595.1629638671875, 2277.230712890625, 2044.9149169921875, 1906.5550537109375, 999.252197265625, 2103.6171875, 1948.029296875, 2235.07080078125, 3516.286865234375, 2645.24658203125, 3320.215087890625, 2349.251220703125, 851.3823852539062, 284.1214599609375, 2276.52734375, 1009.7905883789062, 1169.1094970703125, 2766.5078125, 2338.7861328125, 3879.588134765625, 1648.5233154296875, 843.4364013671875, 784.4705200195312, 489.9653015136719, 2568.38037109375, 3157.07275390625, 3544.779052734375, 3036.697265625], [1520.23974609375, 2253.048828125, 0.0, 2304.493896484375, 701.8668212890625, 3810.811279296875, 1592.1385498046875, 1518.3175048828125, 2495.024169921875, 3143.040771484375, 3496.517578125, 2105.453125, 1773.414794921875, 1200.245361328125, 4448.2607421875, 2834.88916015625, 2484.614990234375, 2791.086181640625, 2363.32177734375, 2186.05859375, 4248.83447265625, 3223.370849609375, 2469.285400390625, 606.7124633789062, 1945.5816650390625, 1715.202880859375, 2063.1396484375, 1008.1294555664062, 1891.2020263671875, 2520.521484375, 801.2022094726562], [1889.286865234375, 1595.1629638671875, 2304.493896484375, 0.0, 2759.01953125, 1689.2891845703125, 2962.73876953125, 2082.445556640625, 510.6329345703125, 849.9417724609375, 3824.431884765625, 4244.40380859375, 3578.364501953125, 3498.1630859375, 2575.758544921875, 2422.46826171875, 1838.069580078125, 3720.330322265625, 645.4843139648438, 426.1267395019531, 4355.1025390625, 3878.639404296875, 4625.53955078125, 1924.970703125, 2228.474853515625, 2005.8916015625, 1960.1104736328125, 3121.408203125, 3943.05078125, 4485.29638671875, 2841.501953125], [1431.995849609375, 2277.230712890625, 701.8668212890625, 2759.01953125, 0.0, 4095.33740234375, 1015.3324584960938, 1339.9541015625, 3034.60791015625, 3556.21630859375, 3035.06591796875, 1495.1715087890625, 1072.1552734375, 1085.721923828125, 4601.466796875, 2664.151611328125, 2450.259033203125, 2216.747314453125, 2666.88232421875, 2548.884765625, 3804.6708984375, 2692.03515625, 1873.84228515625, 834.56396484375, 1723.7972412109375, 1571.0843505859375, 1951.1929931640625, 363.18865966796875, 1230.9248046875, 1842.2926025390625, 1239.52001953125], [2817.207275390625, 2044.9149169921875, 3810.811279296875, 1689.2891845703125, 4095.33740234375, 0.0, 3932.89111328125, 2994.897216796875, 1918.2752685546875, 978.94482421875, 3922.9052734375, 5480.0078125, 4657.39013671875, 5003.392578125, 1011.3604736328125, 2463.701416015625, 2077.339111328125, 4249.85888671875, 1448.4488525390625, 1639.53466796875, 4179.99853515625, 4193.10986328125, 5854.6474609375, 3301.1455078125, 2887.505859375, 2806.71435546875, 2532.599609375, 4434.75439453125, 5134.86376953125, 5569.4501953125, 4453.5986328125], [1133.405517578125, 1906.5550537109375, 1592.1385498046875, 2962.73876953125, 1015.3324584960938, 3932.89111328125, 0.0, 944.2611083984375, 3361.39990234375, 3629.308837890625, 2038.093505859375, 1662.6009521484375, 745.38916015625, 1995.531982421875, 4223.08447265625, 1971.2706298828125, 1968.766357421875, 1207.94580078125, 2646.418212890625, 2632.373291015625, 2809.9951171875, 1676.812744140625, 2004.0941162109375, 1310.8870849609375, 1108.2008056640625, 1127.351806640625, 1446.04638671875, 1045.5093994140625, 1293.6846923828125, 1638.8465576171875, 2249.8662109375], [195.82901000976562, 999.252197265625, 1518.3175048828125, 2082.445556640625, 1339.9541015625, 2994.897216796875, 944.2611083984375, 0.0, 2522.91455078125, 2698.673095703125, 2099.292236328125, 2517.621337890625, 1662.8553466796875, 2419.555419921875, 3347.253173828125, 1340.5316162109375, 1125.9307861328125, 1687.9248046875, 1710.3994140625, 1720.4615478515625, 2809.572998046875, 1963.201416015625, 2882.796142578125, 954.4359741210938, 427.5511779785156, 232.5618133544922, 612.56591796875, 1594.7667236328125, 2160.000244140625, 2575.11328125, 2315.4716796875], [2334.77392578125, 2103.6171875, 2495.024169921875, 510.6329345703125, 3034.60791015625, 1918.2752685546875, 3361.39990234375, 2522.91455078125, 0.0, 951.4920043945312, 4328.46435546875, 4529.7578125, 3931.913818359375, 3652.069091796875, 2882.68798828125, 2933.09814453125, 2348.6220703125, 4187.43359375, 1148.3414306640625, 935.81298828125, 4865.4736328125, 4367.740234375, 4907.775390625, 2218.167236328125, 2705.67138671875, 2469.716064453125, 2453.6162109375, 3396.80810546875, 4250.75830078125, 4821.6875, 2911.320068359375], [2503.70166015625, 1948.029296875, 3143.040771484375, 849.9417724609375, 3556.21630859375, 978.94482421875, 3629.308837890625, 2698.673095703125, 951.4920043945312, 0.0, 4126.36083984375, 5022.0634765625, 4296.626953125, 4340.6728515625, 1972.659423828125, 2641.147216796875, 2107.92822265625, 4215.9619140625, 990.7901000976562, 1016.7128295898438, 4538.96533203125, 4281.47705078125, 5403.3623046875, 2723.939208984375, 2734.87060546875, 2567.314453125, 2409.076171875, 3914.940185546875, 4704.46435546875, 5214.11083984375, 3690.888671875], [2212.777587890625, 2235.07080078125, 3496.517578125, 3824.431884765625, 3035.06591796875, 3922.9052734375, 2038.093505859375, 2099.292236328125, 4328.46435546875, 4126.36083984375, 0.0, 3369.22314453125, 2496.88525390625, 4028.926025390625, 3695.002685546875, 1491.5699462890625, 2026.37109375, 1026.1705322265625, 3241.16796875, 3399.87890625, 771.9274291992188, 535.5856323242188, 3593.955322265625, 3016.01318359375, 1732.416748046875, 2010.370361328125, 1893.0074462890625, 3078.615478515625, 3039.04150390625, 3000.7841796875, 4237.8447265625], [2677.470703125, 3516.286865234375, 2105.453125, 4244.40380859375, 1495.1715087890625, 5480.0078125, 1662.6009521484375, 2517.621337890625, 4529.7578125, 5022.0634765625, 3369.22314453125, 0.0, 940.54931640625, 1393.47412109375, 5859.9970703125, 3629.717529296875, 3612.944091796875, 2347.501953125, 4093.79345703125, 4006.654052734375, 4097.76416015625, 2871.139404296875, 381.4669189453125, 2321.868408203125, 2762.501953125, 2734.41552734375, 3085.528076171875, 1133.2078857421875, 369.2289123535156, 628.9197387695312, 2206.08984375], [1841.4747314453125, 2645.24658203125, 1773.414794921875, 3578.364501953125, 1072.1552734375, 4657.39013671875, 745.38916015625, 1662.8553466796875, 3931.913818359375, 4296.626953125, 2496.88525390625, 940.54931640625, 0.0, 1674.3623046875, 4968.34228515625, 2695.013427734375, 2714.094970703125, 1504.7132568359375, 3329.39794921875, 3284.577880859375, 3250.199462890625, 2033.10595703125, 1263.9501953125, 1740.71826171875, 1853.3990478515625, 1861.8863525390625, 2190.626708984375, 842.8671264648438, 